{
    "name": "root",
    "gauges": {
        "BrotatoAgent.Policy.Entropy.mean": {
            "value": 2.193972110748291,
            "min": 2.193972110748291,
            "max": 2.193972110748291,
            "count": 1
        },
        "BrotatoAgent.Policy.Entropy.sum": {
            "value": 8506.0302734375,
            "min": 8506.0302734375,
            "max": 8506.0302734375,
            "count": 1
        },
        "BrotatoAgent.Step.mean": {
            "value": 444670.0,
            "min": 444670.0,
            "max": 444670.0,
            "count": 1
        },
        "BrotatoAgent.Step.sum": {
            "value": 444670.0,
            "min": 444670.0,
            "max": 444670.0,
            "count": 1
        },
        "BrotatoAgent.Policy.ExtrinsicValueEstimate.mean": {
            "value": 0.12243877351284027,
            "min": 0.12243877351284027,
            "max": 0.12243877351284027,
            "count": 1
        },
        "BrotatoAgent.Policy.ExtrinsicValueEstimate.sum": {
            "value": 1.224387764930725,
            "min": 1.224387764930725,
            "max": 1.224387764930725,
            "count": 1
        },
        "BrotatoAgent.Policy.CuriosityValueEstimate.mean": {
            "value": 0.11414830386638641,
            "min": 0.11414830386638641,
            "max": 0.11414830386638641,
            "count": 1
        },
        "BrotatoAgent.Policy.CuriosityValueEstimate.sum": {
            "value": 1.1414830684661865,
            "min": 1.1414830684661865,
            "max": 1.1414830684661865,
            "count": 1
        },
        "BrotatoAgent.Environment.EpisodeLength.mean": {
            "value": 561.8333333333334,
            "min": 561.8333333333334,
            "max": 561.8333333333334,
            "count": 1
        },
        "BrotatoAgent.Environment.EpisodeLength.sum": {
            "value": 3371.0,
            "min": 3371.0,
            "max": 3371.0,
            "count": 1
        },
        "BrotatoAgent.Environment.CumulativeReward.mean": {
            "value": 26.020291383067768,
            "min": 26.020291383067768,
            "max": 26.020291383067768,
            "count": 1
        },
        "BrotatoAgent.Environment.CumulativeReward.sum": {
            "value": 156.1217482984066,
            "min": 156.1217482984066,
            "max": 156.1217482984066,
            "count": 1
        },
        "BrotatoAgent.Policy.ExtrinsicReward.mean": {
            "value": 26.020291383067768,
            "min": 26.020291383067768,
            "max": 26.020291383067768,
            "count": 1
        },
        "BrotatoAgent.Policy.ExtrinsicReward.sum": {
            "value": 156.1217482984066,
            "min": 156.1217482984066,
            "max": 156.1217482984066,
            "count": 1
        },
        "BrotatoAgent.Policy.CuriosityReward.mean": {
            "value": 0.0,
            "min": 0.0,
            "max": 0.0,
            "count": 1
        },
        "BrotatoAgent.Policy.CuriosityReward.sum": {
            "value": 0.0,
            "min": 0.0,
            "max": 0.0,
            "count": 1
        },
        "BrotatoAgent.IsTraining.mean": {
            "value": 1.0,
            "min": 1.0,
            "max": 1.0,
            "count": 1
        },
        "BrotatoAgent.IsTraining.sum": {
            "value": 1.0,
            "min": 1.0,
            "max": 1.0,
            "count": 1
        }
    },
    "metadata": {
        "timer_format_version": "0.1.0",
        "start_time_seconds": "1750531820",
        "python_version": "3.10.11 (tags/v3.10.11:7d4cc5a, Apr  5 2023, 00:38:17) [MSC v.1929 64 bit (AMD64)]",
        "command_line_arguments": "C:\\Users\\server\\Desktop\\brotato-rl\\mlvenv\\Scripts\\mlagents-learn config.yaml --run-id=BrotatoPPO_001 --resume",
        "mlagents_version": "1.1.0",
        "mlagents_envs_version": "1.1.0",
        "communication_protocol_version": "1.5.0",
        "pytorch_version": "2.2.2+cu121",
        "numpy_version": "1.23.5",
        "end_time_seconds": "1750531924"
    },
    "total": 103.82161849999102,
    "count": 1,
    "self": 0.0074275999795645475,
    "children": {
        "run_training.setup": {
            "total": 0.06831830000737682,
            "count": 1,
            "self": 0.06831830000737682
        },
        "TrainerController.start_learning": {
            "total": 103.74587260000408,
            "count": 1,
            "self": 0.08595929795410484,
            "children": {
                "TrainerController._reset_env": {
                    "total": 3.6640700999996625,
                    "count": 1,
                    "self": 3.6640700999996625
                },
                "TrainerController.advance": {
                    "total": 99.88171220198274,
                    "count": 5173,
                    "self": 0.0735412064823322,
                    "children": {
                        "env_step": {
                            "total": 99.35944499855395,
                            "count": 5173,
                            "self": 84.22515190474223,
                            "children": {
                                "SubprocessEnvManager._take_step": {
                                    "total": 15.074966899701394,
                                    "count": 5173,
                                    "self": 0.2046215016162023,
                                    "children": {
                                        "TorchPolicy.evaluate": {
                                            "total": 14.870345398085192,
                                            "count": 5173,
                                            "self": 14.870345398085192
                                        }
                                    }
                                },
                                "workers": {
                                    "total": 0.05932619411032647,
                                    "count": 5172,
                                    "self": 0.0,
                                    "children": {
                                        "worker_root": {
                                            "total": 96.5388239006279,
                                            "count": 5172,
                                            "is_parallel": true,
                                            "self": 20.581971796695143,
                                            "children": {
                                                "steps_from_proto": {
                                                    "total": 0.00030319998040795326,
                                                    "count": 1,
                                                    "is_parallel": true,
                                                    "self": 0.00015180004993453622,
                                                    "children": {
                                                        "_process_rank_one_or_two_observation": {
                                                            "total": 0.00015139993047341704,
                                                            "count": 2,
                                                            "is_parallel": true,
                                                            "self": 0.00015139993047341704
                                                        }
                                                    }
                                                },
                                                "UnityEnvironment.step": {
                                                    "total": 75.95654890395235,
                                                    "count": 5172,
                                                    "is_parallel": true,
                                                    "self": 0.3725323028047569,