{
    "name": "root",
    "gauges": {
        "BrotatoAgent.Policy.Entropy.mean": {
            "value": 0.9868427515029907,
            "min": 0.9684192538261414,
            "max": 1.0667797327041626,
            "count": 6
        },
        "BrotatoAgent.Policy.Entropy.sum": {
            "value": 4934.2138671875,
            "min": 4357.88671875,
            "max": 5283.76025390625,
            "count": 6
        },
        "BrotatoAgent.Step.mean": {
            "value": 5204826.0,
            "min": 5179724.0,
            "max": 5204826.0,
            "count": 6
        },
        "BrotatoAgent.Step.sum": {
            "value": 5204826.0,
            "min": 5179724.0,
            "max": 5204826.0,
            "count": 6
        },
        "BrotatoAgent.Policy.ExtrinsicValueEstimate.mean": {
            "value": 9.477795600891113,
            "min": 7.9156670570373535,
            "max": 9.477795600891113,
            "count": 6
        },
        "BrotatoAgent.Policy.ExtrinsicValueEstimate.sum": {
            "value": 94.7779541015625,
            "min": 75.15505981445312,
            "max": 94.7779541015625,
            "count": 6
        },
        "BrotatoAgent.Policy.CuriosityValueEstimate.mean": {
            "value": 0.029142582789063454,
            "min": 0.020285414531826973,
            "max": 0.03193017095327377,
            "count": 6
        },
        "BrotatoAgent.Policy.CuriosityValueEstimate.sum": {
            "value": 0.29142582416534424,
            "min": 0.17967993021011353,
            "max": 0.31930169463157654,
            "count": 6
        },
        "BrotatoAgent.IsTraining.mean": {
            "value": 1.0,
            "min": 1.0,
            "max": 1.0,
            "count": 6
        },
        "BrotatoAgent.IsTraining.sum": {
            "value": 1.0,
            "min": 1.0,
            "max": 1.0,
            "count": 6
        },
        "BrotatoAgent.Environment.EpisodeLength.mean": {
            "value": 8717.0,
            "min": 4930.0,
            "max": 8717.0,
            "count": 3
        },
        "BrotatoAgent.Environment.EpisodeLength.sum": {
            "value": 8717.0,
            "min": 4930.0,
            "max": 8717.0,
            "count": 3
        },
        "BrotatoAgent.Environment.CumulativeReward.mean": {
            "value": 410.87141132354736,
            "min": 233.55268669128418,
            "max": 410.87141132354736,
            "count": 3
        },
        "BrotatoAgent.Environment.CumulativeReward.sum": {
            "value": 410.87141132354736,
            "min": 233.55268669128418,
            "max": 410.87141132354736,
            "count": 3
        },
        "BrotatoAgent.Policy.ExtrinsicReward.mean": {
            "value": 410.87141132354736,
            "min": 233.55268669128418,
            "max": 410.87141132354736,
            "count": 3
        },
        "BrotatoAgent.Policy.ExtrinsicReward.sum": {
            "value": 410.87141132354736,
            "min": 233.55268669128418,
            "max": 410.87141132354736,
            "count": 3
        },
        "BrotatoAgent.Policy.CuriosityReward.mean": {
            "value": 0.0,
            "min": 0.0,
            "max": 0.0,
            "count": 3
        },
        "BrotatoAgent.Policy.CuriosityReward.sum": {
            "value": 0.0,
            "min": 0.0,
            "max": 0.0,
            "count": 3
        },
        "BrotatoAgent.Losses.PolicyLoss.mean": {
            "value": 0.016473675817251204,
            "min": 0.016473675817251204,
            "max": 0.016473675817251204,
            "count": 1
        },
        "BrotatoAgent.Losses.PolicyLoss.sum": {
            "value": 0.016473675817251204,
            "min": 0.016473675817251204,
            "max": 0.016473675817251204,
            "count": 1
        },
        "BrotatoAgent.Losses.ValueLoss.mean": {
            "value": 0.13968502327799798,
            "min": 0.13968502327799798,
            "max": 0.13968502327799798,
            "count": 1
        },
        "BrotatoAgent.Losses.ValueLoss.sum": {
            "value": 0.13968502327799798,
            "min": 0.13968502327799798,
            "max": 0.13968502327799798,
            "count": 1
        },
        "BrotatoAgent.Policy.LearningRate.mean": {
            "value": 9.607353196326001e-05,
            "min": 9.607353196326001e-05,
            "max": 9.607353196326001e-05,
            "count": 1
        },
        "BrotatoAgent.Policy.LearningRate.sum": {
            "value": 9.607353196326001e-05,
            "min": 9.607353196326001e-05,
            "max": 9.607353196326001e-05,
            "count": 1
        },
        "BrotatoAgent.Policy.Epsilon.mean": {
            "value": 0.12401837,
            "min": 0.12401837,
            "max": 0.12401837,
            "count": 1
        },
        "BrotatoAgent.Policy.Epsilon.sum": {
            "value": 0.12401837,
            "min": 0.12401837,
            "max": 0.12401837,
            "count": 1
        },
        "BrotatoAgent.Policy.Beta.mean": {
            "value": 0.004808870326,
            "min": 0.004808870326,
            "max": 0.004808870326,
            "count": 1
        },
        "BrotatoAgent.Policy.Beta.sum": {
            "value": 0.004808870326,
            "min": 0.004808870326,
            "max": 0.004808870326,
            "count": 1
        },
        "BrotatoAgent.Losses.CuriosityForwardLoss.mean": {
            "value": 0.005411788308992982,
            "min": 0.005411788308992982,
            "max": 0.005411788308992982,
            "count": 1
        },
        "BrotatoAgent.Losses.CuriosityForwardLoss.sum": {
            "value": 0.005411788308992982,
            "min": 0.005411788308992982,
            "max": 0.005411788308992982,
            "count": 1
        },
        "BrotatoAgent.Losses.CuriosityInverseLoss.mean": {
            "value": 0.3706436169147491,
            "min": 0.3706436169147491,
            "max": 0.3706436169147491,
            "count": 1
        },
        "BrotatoAgent.Losses.CuriosityInverseLoss.sum": {
            "value": 0.3706436169147491,
            "min": 0.3706436169147491,
            "max": 0.3706436169147491,
            "count": 1
        }
    },
    "metadata": {
        "timer_format_version": "0.1.0",
        "start_time_seconds": "1750663516",
        "python_version": "3.10.11 (tags/v3.10.11:7d4cc5a, Apr  5 2023, 00:38:17) [MSC v.1929 64 bit (AMD64)]",
        "command_line_arguments": "C:\\Users\\server\\Desktop\\brotato-rl\\mlvenv\\Scripts\\mlagents-learn config.yaml --run-id=BrotatoPPO_002 --resume",
        "mlagents_version": "1.1.0",
        "mlagents_envs_version": "1.1.0",
        "communication_protocol_version": "1.5.0",
        "pytorch_version": "2.2.2+cu121",
        "numpy_version": "1.23.5",
        "end_time_seconds": "1750663826"
    },
    "total": 310.71742800000357,
    "count": 1,
    "self": 0.005894100002478808,
    "children": {
        "run_training.setup": {
            "total": 0.07733669999288395,
            "count": 1,
            "self": 0.07733669999288395
        },
        "TrainerController.start_learning": {
            "total": 310.6341972000082,
            "count": 1,
            "self": 0.4687398038804531,
            "children": {
                "TrainerController._reset_env": {
                    "total": 5.871458600042388,
                    "count": 1,
                    "self": 5.871458600042388
                },
                "TrainerController.advance": {
                    "total": 304.0599129960756,
                    "count": 31125,
                    "self": 0.44994509243406355,
                    "children": {
                        "env_step": {
                            "total": 295.20436500228243,
                            "count": 31125,
                            "self": 192.07308319979347,